{"cameraMode":{"drawMode":0,"name":"Shaded","section":"Shading Mode"},"sceneLighting":false,"audioPlay":false,"sceneViewState":{"showFog":true,"showMaterialUpdate":false,"showSkybox":false,"showFlares":true,"showImageEffects":true,"showParticleSystems":true},"in2DMode":false,"pivot":{"x":-12.076539993286133,"y":-2.7495832443237306,"z":1.9503495693206788},"rotation":{"x":-0.2236296683549881,"y":0.5439736247062683,"z":-0.15318796038627625,"w":-0.7941144108772278},"size":8.218196868896485,"orthographic":false}